"","Pathway total","Hits.total","Hits.sig","Expected","P(Fisher)","P(EASE)","P(Gamma)","Emp.Hits","Empirical","AdjP.Fisher","AdjP.EASE","AdjP.Gamma","Pathway Number","cpd.hits"
"Taurine and hypotaurine metabolism","8","6","6","11.9","0.0068524","0.046625","0.027581","0","0","0.4728156","1","1","P1","EC000446;EC000447;EC000450;EC000451;EC000100;EC000101;EC000102;EC000483;EC000484;EC000485;EC000247;EC000248;EC0001085;EC0001086;EC0001087;EC0001088"
"Glyoxylate and dicarboxylate metabolism","31","15","15","21.569","0.0077394","0.02851","0.02764","100","1","0.5262792","1","1","P2","EC000193;EC000194;EC000382;EC000383;EC000643;EC000644;EC00027;EC000173;EC000174;EC000603;EC000604;EC000605;EC00060;EC00061;EC00062;EC00063;EC00019;EC00020;EC000266;EC000188;EC00018;EC00057;EC00058;EC00059;EC000213;EC000214;EC000215"
"Pyruvate metabolism","20","12","11","13.388","0.027943","0.10263","0.02901","100","1","1","1","1","P3","EC00027;EC00068;EC00069;EC00070;EC000843;EC000206;EC00018;EC000173;EC000174;EC0001116;EC0001117;EC0001118;EC00064;EC000233;EC000234;EC000139;EC000140"
"D-Amino acid metabolism","15","15","15","25.288","0.030148","0.074881","0.029164","100","1","1","1","1","P4","EC00057;EC00058;EC00059;EC00019;EC00020;EC00037;EC00039;EC00060;EC00061;EC00062;EC00063;EC00053;EC00054;EC00073;EC00074;EC000169;EC000170;EC000171;EC000172;EC000397;EC000399;EC000739;EC000740;EC000741;EC000742;EC00027;EC000880;EC000881;EC000859;EC000861"
"Glutathione metabolism","19","13","13","20.825","0.036084","0.094882","0.029583","100","1","1","1","1","P5","EC00040;EC00041;EC00042;EC0004;EC000145;EC000515;EC000516;EC000517;EC000518;EC000100;EC000101;EC000102;EC00019;EC00020;EC000701;EC000739;EC000740;EC000741;EC000742;EC00073;EC00074;EC000151;EC000298;EC000533;EC0001290"
"beta-Alanine metabolism","21","14","14","24.544","0.036914","0.089156","0.029642","100","1","1","1","1","P6","EC000206;EC00018;EC00028;EC00029;EC00037;EC00039;EC000175;EC000176;EC000177;EC000393;EC000394;EC000395;EC000396;EC000366;EC000367;EC000368;EC000573;EC000574;EC000575;EC000533;EC000958;EC000959;EC000107;EC000108;EC000110;EC000960;EC000152;EC000154;EC000298"
"Primary bile acid biosynthesis","46","32","32","33.469","0.057117","0.1119","0.03112","0","0","1","1","1","P7","EC000207;EC000863;EC000864;EC000725;EC000726;EC000709;EC000710;EC000712;EC000713;EC000976;EC000977;EC000978;EC000979;EC000975;EC000792;EC000793;EC000794;EC000795;EC000247;EC000248;EC000981;EC000694;EC000695;EC0001343;EC0001345;EC000525;EC000983;EC000916;EC000918;EC000986;EC000987;EC000984;EC000985;EC0001346;EC0001347;EC0001348;EC000743;EC000744"
"Propanoate metabolism","19","10","10","14.875","0.0668","0.17598","0.031857","0","0","1","1","1","P8","EC000113;EC000114;EC000115;EC000116;EC000118;EC0001114;EC0001115;EC00030;EC00032;EC00028;EC00029;EC00018;EC000636;EC000637;EC000638;EC00064;EC0001392;EC000206"
"Sphingolipid metabolism","11","11","10","14.131","0.083449","0.2103","0.033167","0","0","1","1","1","P9","EC0001123;EC0001124;EC000564;EC000299;EC000300;EC000182;EC00060;EC00061;EC00062;EC00063;EC000731;EC000732;EC0001212;EC000333;EC000334;EC000335;EC000337"
"Porphyrin metabolism","29","10","10","14.131","0.083449","0.2103","0.033167","0","0","1","1","1","P10","EC0001151;EC000443;EC000444;EC000445;EC000634;EC000635;EC000582;EC000583;EC000584;EC000586;EC000397;EC000399;EC00019;EC00020;EC000433;EC0001066;EC0001397"
"Cysteine and methionine metabolism","33","30","26","54.294","0.086999","0.13864","0.033454","100","1","1","1","1","P11","EC000662;EC000663;EC0001258;EC000647;EC000774;EC000776;EC000183;EC000184;EC00060;EC00061;EC00062;EC00063;EC00065;EC00067;EC00017;EC0001260;EC000446;EC000447;EC000434;EC000435;EC000436;EC000437;EC000100;EC000101;EC000102;EC000483;EC000484;EC000485;EC0001209;EC0001386;EC0001387;EC0001388;EC000322;EC000323;EC000324;EC000325;EC000113;EC000114;EC000115;EC000116;EC000118;EC000607;EC000608;EC000609;EC000610;EC000765;EC000766;EC0001005;EC000746;EC000747;EC0001004;EC00018;EC0001067;EC0001069;EC0001389;EC0001390;EC000213;EC000214;EC000215"
"Alanine, aspartate and glutamate metabolism","28","27","26","50.575","0.095072","0.15223","0.034117","100","1","1","1","1","P12","EC000621;EC000622;EC000623;EC000624;EC00037;EC00039;EC000175;EC000176;EC000177;EC000836;EC000837;EC000838;EC000839;EC000884;EC00028;EC00029;EC000113;EC000114;EC000115;EC000116;EC000118;EC00019;EC00020;EC000322;EC000323;EC000324;EC000325;EC00057;EC00058;EC00059;EC000588;EC000589;EC000859;EC000861;EC0001216;EC0001217;EC0001383;EC000188;EC00027;EC000139;EC000140;EC00018;EC000402;EC000403;EC000404;EC00030;EC00032;EC00021;EC000195;EC000338;EC000339;EC000340;EC000827;EC0001380;EC0001381"
"Arginine biosynthesis","14","12","12","20.825","0.096268","0.19996","0.034216","100","1","1","1","1","P13","EC00019;EC00020;EC00053;EC00054;EC000401;EC000836;EC000837;EC000838;EC000839;EC00037;EC00039;EC000308;EC000309;EC000195;EC00073;EC00074;EC00057;EC00058;EC00059;EC00021;EC000486;EC000487;EC000139;EC000140"
"Fatty acid biosynthesis","9","7","7","13.388","0.10379","0.24976","0.034848","100","1","1","1","1","P14","EC000251;EC000252;EC000193;EC000194;EC0001137;EC0001138;EC0001139;EC000801;EC000802;EC000804;EC000715;EC000716;EC000717;EC0001135;EC0001136;EC000182"
"Arachidonic acid metabolism","43","43","43","29.75","0.12444","0.21823","0.03665","0","0","1","1","1","P15","EC000920;EC000921;EC000922;EC000923;EC000228;EC000229;EC000230;EC000760;EC000761;EC000762;EC0001110;EC0001113;EC000576;EC000577;EC000578;EC000579;EC000763;EC000389;EC000390;EC000391;EC000392;EC000499;EC000500;EC000501;EC000503;EC000909;EC000910;EC0001225;EC0001226;EC0001107;EC0001108;EC0001104;EC0001105"
"Pyrimidine metabolism","39","37","34","60.988","0.13149","0.19312","0.037288","0","0","1","1","1","P16","EC0008;EC00057;EC00058;EC00059;EC000195;EC000639;EC000106;EC00072;EC000287;EC000288;EC000393;EC000394;EC000395;EC000396;EC000175;EC000176;EC000177;EC00056;EC000123;EC000124;EC00044;EC00045;EC00046;EC00047;EC000427;EC000428;EC000429;EC000528;EC000243;EC000244;EC000570;EC000571;EC000423;EC000700;EC000454;EC000353;EC000354;EC000224;EC000225;EC000226;EC000227;EC000198;EC000200;EC0001394;EC0001395;EC0001396;EC0001188;EC0001189;EC000402;EC000403;EC000404;EC000285;EC000132;EC000107;EC000108;EC000110;EC00028;EC00029;EC000523;EC000524;EC000322;EC000323;EC000324;EC000325;EC0001190"
"Nitrogen metabolism","6","3","3","4.4625","0.15553","0.49405","0.039556","100","1","1","1","1","P17","EC00019;EC00020;EC000195;EC00057;EC00058;EC00059"
"Butanoate metabolism","15","9","9","17.85","0.19185","0.34821","0.043274","100","1","1","1","1","P18","EC000636;EC000637;EC000638;EC000113;EC000114;EC000115;EC000116;EC000118;EC000322;EC000323;EC000324;EC000325;EC00019;EC00020;EC000249;EC00021;EC00030;EC00032;EC000771;EC000772"
"Folate biosynthesis","26","22","20","20.825","0.2023","0.34779","0.044413","0","0","1","1","1","P19","EC000269;EC000270;EC000562;EC000563;EC0001096;EC0001094;EC0001095;EC00034;EC000928;EC000164;EC000165;EC000166;EC0001097;EC0001098;EC0001377;EC0001256;EC0001257;EC000276;EC000927;EC000828;EC0001378;EC0001379;EC0001401"
"Glycine, serine and threonine metabolism","30","22","19","42.394","0.20895","0.30611","0.045156","100","1","1","1","1","P20","EC00060;EC00061;EC00062;EC00063;EC000203;EC000204;EC000475;EC000213;EC000214;EC000215;EC000322;EC000323;EC000324;EC000325;EC000774;EC000776;EC000607;EC000608;EC000609;EC000610;EC00028;EC00029;EC000208;EC000209;EC000266;EC000193;EC000194;EC000289;EC000290;EC000291;EC000100;EC000101;EC000102;EC000113;EC000114;EC000115;EC000116;EC000118;EC000854;EC000855;EC000856;EC000858;EC00018;EC000397;EC000399"
"Valine, leucine and isoleucine degradation","35","14","14","23.8","0.21024","0.3467","0.045302","100","1","1","1","1","P21","EC000113;EC000114;EC000115;EC000116;EC000118;EC000235;EC000236;EC000237;EC000238;EC00064;EC000203;EC000204;EC000158;EC000160;EC000141;EC000143;EC000144;EC000322;EC000323;EC000324;EC000325;EC000636;EC000637;EC000638;EC00030;EC00032"
"Thiamine metabolism","5","3","3","3.7188","0.21222","0.59715","0.045526","100","1","1","1","1","P22","EC000100;EC000101;EC000102;EC000826;EC00064"
"Linoleic acid metabolism","4","4","4","10.413","0.23564","0.46207","0.048275","0","0","1","1","1","P23","EC000718;EC000719;EC000720;EC000721;EC0001234;EC0001235;EC0001236;EC0001237;EC0001238;EC000912;EC000914;EC000915"
"Biosynthesis of unsaturated fatty acids","36","22","20","26.031","0.2458","0.38262","0.049526","0","0","1","1","1","P24","EC000182;EC000449;EC000769;EC000770;EC000865;EC000251;EC000252;EC000705;EC000707;EC0001140;EC000529;EC000530;EC000718;EC000719;EC000720;EC000721;EC000228;EC000229;EC000230;EC000832;EC000833;EC0001141;EC0001142;EC0001146;EC0001147;EC0001143;EC0001144;EC000949"
"Citrate cycle (TCA cycle)","16","14","12","16.363","0.26242","0.44303","0.051648","100","1","1","1","1","P25","EC00021;EC00064;EC00030;EC00032;EC000962;EC000963;EC000188;EC00027;EC000173;EC000174;EC000382;EC000383;EC00018;EC000139;EC000140;EC00068;EC00069;EC00070"
"Lysine degradation","21","14","13","28.263","0.28026","0.41611","0.054038","100","1","1","1","1","P26","EC00035;EC00036;EC000413;EC000414;EC000415;EC000416;EC000417;EC000418;EC000814;EC000815;EC000816;EC000599;EC000600;EC00064;EC000302;EC000303;EC000304;EC0001422;EC0001337;EC0001338;EC0001339;EC000376;EC000377;EC000378;EC000882;EC000883;EC000664;EC000665;EC000421;EC000684"
"Glycosylphosphatidylinositol (GPI)-anchor biosynthesis","4","3","3","5.95","0.32734","0.63615","0.060961","100","1","1","1","1","P27","EC000182;EC000251;EC000252;EC000333;EC000334;EC000335;EC000337"
"Retinol metabolism","16","16","15","11.9","0.34746","0.56883","0.064221","0","0","1","1","1","P28","EC000425;EC000426;EC000359;EC000360;EC000757;EC000535;EC000536;EC000537;EC0001254;EC0001255;EC0001334;EC0001335;EC0001191"
"Steroid hormone biosynthesis","87","77","66","46.857","0.36248","0.47174","0.06678","0","0","1","1","1","P29","EC000207;EC000863;EC000864;EC000976;EC000977;EC000978;EC000979;EC000745;EC000990;EC000988;EC000459;EC000460;EC000903;EC000904;EC000452;EC000453;EC000656;EC000758;EC000534;EC000531;EC000532;EC000991;EC000992;EC000993;EC000994;EC000995;EC000943;EC000424;EC000592;EC000593;EC000953;EC000952;EC000892;EC0001354;EC000996;EC0001352;EC0001353;EC000989;EC0001198;EC0001199;EC0001197;EC0001195;EC0001196;EC0001193;EC0001194;EC000998;EC000999;EC0001000"
"Pentose and glucuronate interconversions","18","18","16","20.081","0.39347","0.56412","0.072439","98","0.98","1","1","1","P30","EC000192;EC00022;EC00085;EC00086;EC00087;EC00088;EC000264;EC000265;EC000127;EC000128;EC000129;EC000131;EC000137;EC000138;EC000631;EC000632;EC000633;EC000212;EC000771;EC000772;EC000548"
"Valine, leucine and isoleucine biosynthesis","8","8","8","17.106","0.39704","0.58175","0.073123","100","1","1","1","1","P31","EC000208;EC000209;EC000235;EC000236;EC000237;EC000238;EC000141;EC000143;EC000144;EC000158;EC000160;EC000113;EC000114;EC000115;EC000116;EC000118;EC000203;EC000204"
"Pantothenate and CoA biosynthesis","18","15","14","31.238","0.41464","0.5511","0.076616","0","0","1","1","1","P32","EC000645;EC000560;EC000561;EC000569;EC000175;EC000176;EC000177;EC000393;EC000394;EC000395;EC000396;EC000203;EC000204;EC00037;EC00039;EC0007;EC000848;EC000850;EC000851;EC000852;EC000853;EC000100;EC000101;EC000102;EC00028;EC00029;EC000107;EC000108;EC000110;EC000158;EC000160;EC0006"
"Arginine and proline metabolism","35","33","30","50.575","0.44061","0.547","0.082126","100","1","1","1","1","P33","EC00053;EC00054;EC000475;EC000289;EC000290;EC000291;EC00073;EC00074;EC000647;EC000151;EC000298;EC000533;EC000322;EC000323;EC000324;EC000325;EC000376;EC000377;EC000378;EC000615;EC0001100;EC000739;EC000740;EC000741;EC000742;EC000397;EC000399;EC000169;EC000170;EC000171;EC000172;EC00019;EC00020;EC000834;EC0001103;EC000643;EC000644;EC000777;EC000778;EC000780;EC000781;EC000201;EC000573;EC000574;EC000575;EC000814;EC000815;EC000816;EC000859;EC000861;EC00018"
"alpha-Linolenic acid metabolism","12","5","3","7.4375","0.47715","0.73567","0.090674","0","0","1","1","1","P34","EC0001272;EC0001141;EC0001142;EC0001265;EC0001266;EC0001267;EC0001268;EC0001269"
"Selenocompound metabolism","16","5","4","4.4625","0.49568","0.80335","0.095402","0","0","1","1","1","P35","EC0001063;EC0001064;EC0001065;EC00028;EC00029"
"Mannose type O-glycan biosynthesis","3","3","3","4.4625","0.49568","0.80335","0.095402","0","0","1","1","1","P36","EC000548;EC00056;EC000631;EC000632;EC000633"
"Pentose phosphate pathway","23","23","23","37.931","0.49964","0.62071","0.096451","100","1","1","1","1","P37","EC00085;EC00086;EC00087;EC00088;EC000735;EC000523;EC000524;EC000127;EC000128;EC000129;EC000131;EC000137;EC000138;EC000121;EC000122;EC000965;EC000966;EC000967;EC000341;EC000330;EC000331;EC000332;EC000673;EC000674;EC000264;EC000265;EC000216;EC000218;EC000266;EC000753;EC000754;EC000755;EC000756;EC000132;EC000278;EC000213;EC000214;EC000215"
"Histidine metabolism","16","16","16","37.931","0.49964","0.62071","0.096451","100","1","1","1","1","P38","EC00019;EC00020;EC000866;EC000867;EC000868;EC000540;EC000542;EC000543;EC000152;EC000154;EC000366;EC000367;EC000368;EC000942;EC000939;EC0001071;EC0001074;EC000372;EC000373;EC000374;EC000650;EC000651;EC000652;EC000653;EC000626;EC000405;EC000407;EC000409;EC000573;EC000574;EC000575;EC000198;EC000200;EC0001076;EC0001077;EC0001078;EC00037;EC00039"
"Metabolism of xenobiotics by cytochrome P450","68","41","39","46.113","0.50792","0.61733","0.098686","0","0","1","1","1","P39","EC0001240;EC0001224;EC0001221;EC0001227;EC0001251;EC0001128;EC0001130;EC0001131;EC0001230;EC0001232;EC0001367;EC0001368;EC0001369;EC0001280;EC0001152;EC0001153;EC0001358;EC000558;EC0001223;EC0001242;EC0001243;EC0001245;EC0001253;EC0001252;EC0001239;EC0001246;EC0001247;EC0001228;EC0001248;EC000823;EC000824;EC000825;EC000680;EC000681;EC000683;EC0001370;EC0001371;EC0001364;EC0001365;EC0001366;EC0001204;EC0001373;EC0001362;EC0001363;EC0001359;EC0001361"
"Terpenoid backbone biosynthesis","14","7","6","12.644","0.51176","0.71225","0.099741","79","0.79","1","1","1","P40","EC000385;EC000386;EC000387;EC000388;EC000648;EC000649;EC000640;EC000641;EC000329;EC0001375;EC000844;EC000846;EC000847"
"Glycolysis or Gluconeogenesis","23","19","18","20.081","0.56746","0.72232","0.1167","100","1","1","1","1","P41","EC00064;EC00018;EC000206;EC00068;EC00069;EC00070;EC000213;EC000214;EC000215;EC000121;EC000122;EC000341;EC00085;EC00086;EC00087;EC00088;EC00024;EC00027;EC000240;EC000241"
"Starch and sucrose metabolism","12","12","12","11.9","0.57141","0.76433","0.11803","0","0","1","1","1","P42","EC00090;EC00091;EC00092;EC00093;EC00094;EC00024;EC00022;EC00085;EC00086;EC00087;EC00088;EC000341"
"Glycerolipid metabolism","7","6","6","8.9251","0.59828","0.80641","0.12759","100","1","1","1","1","P43","EC00095;EC00096;EC000206;EC000266;EC000121;EC000122;EC000213;EC000214;EC000215"
"Amino sugar and nucleotide sugar metabolism","39","38","36","43.882","0.60222","0.7061","0.12906","0","0","1","1","1","P44","EC000155;EC000156;EC000157;EC000348;EC000349;EC0001116;EC0001117;EC0001118;EC000274;EC00085;EC00086;EC00087;EC00088;EC00022;EC000192;EC000338;EC000339;EC000340;EC00098;EC00024;EC000306;EC000818;EC000819;EC000612;EC000613;EC000614;EC000840;EC000727;EC000729;EC000314;EC000315;EC000317;EC000280;EC000146;EC000147;EC000210;EC000211;EC000870;EC000871;EC000148;EC0001398;EC0001399;EC0001400"
"Vitamin B6 metabolism","9","9","9","14.131","0.60581","0.77734","0.13043","100","1","1","1","1","P45","EC0001121;EC0001122;EC000489;EC000511;EC000296;EC000297;EC00010;EC000253;EC000254;EC000255;EC000256;EC000457;EC0001119;EC000565"
"Drug metabolism - cytochrome P450","43","30","28","37.931","0.62517","0.73334","0.13811","83","0.83","1","1","1","P46","EC000929;EC000930;EC0001181;EC0001314;EC0001315;EC0001294;EC0001297;EC0001299;EC0001300;EC0001301;EC0001302;EC0001303;EC0001171;EC0001332;EC0001281;EC0001282;EC0001287;EC0001288;EC0001286;EC0001182;EC0001183;EC0001185;EC0001310;EC0001312;EC0001292;EC0001293;EC0001035;EC0001036;EC0001305;EC0001306;EC000703;EC000704;EC0001308;EC0001309;EC0001330;EC0001331;EC0001333"
"Fatty acid degradation","35","13","8","11.156","0.63234","0.81308","0.1411","0","0","1","1","1","P47","EC000798;EC000182;EC000251;EC000252;EC000820;EC000821;EC000822;EC0007;EC000947;EC000948;EC000949"
"Glycerophospholipid metabolism","13","9","9","23.056","0.70354","0.82111","0.17574","100","1","1","1","1","P48","EC000121;EC000122;EC000294;EC000295;EC000476;EC000478;EC000664;EC000665;EC000333;EC000334;EC000335;EC000337;EC00095;EC00096;EC000520;EC000521;EC000522;EC000469;EC000470;EC000471;EC000472;EC000670"
"Fatty acid elongation","28","9","6","7.4375","0.73742","0.90133","0.19614","0","0","1","1","1","P49","EC000182;EC000949;EC000798;EC000948;EC000947;EC000251;EC000252"
"Riboflavin metabolism","4","4","3","7.4375","0.73742","0.90133","0.19614","0","0","1","1","1","P50","EC000260;EC000261;EC000262;EC00049;EC00050;EC00051;EC0009"
"Purine metabolism","70","62","55","85.532","0.74016","0.79992","0.19793","0","0","1","1","1","P51","EC00026;EC000362;EC000363;EC000364;EC000365;EC000127;EC000128;EC000129;EC000131;EC00057;EC00058;EC00059;EC000132;EC000827;EC000891;EC000906;EC000907;EC000908;EC000925;EC000926;EC000919;EC0001;EC0006;EC00013;EC000884;EC000148;EC000220;EC000221;EC000222;EC000223;EC000350;EC000351;EC000352;EC000463;EC000464;EC000465;EC000466;EC0001001;EC0001002;EC0001003;EC000733;EC000104;EC000164;EC000165;EC000166;EC000512;EC000267;EC000268;EC000280;EC000245;EC000246;EC000442;EC000669;EC00034;EC000369;EC000370;EC000371;EC000590;EC00048;EC000231;EC000232;EC000896;EC000685;EC000686;EC000293;EC000697;EC000698;EC000699;EC0001410;EC0001412;EC0001413;EC0001416;EC000356;EC000357;EC000150;EC000687;EC000893;EC000782;EC0001125;EC0001126;EC0001419;EC0001421"
"Fructose and mannose metabolism","20","19","19","22.313","0.74225","0.85067","0.19931","100","1","1","1","1","P52","EC000549;EC000551;EC00024;EC000341;EC00085;EC00086;EC00087;EC00088;EC000818;EC000819;EC00098;EC000121;EC000122;EC000206;EC000612;EC000613;EC000614;EC000306;EC000888;EC000889;EC000890"
"Nicotinate and nicotinamide metabolism","15","14","13","22.313","0.74225","0.85067","0.19931","100","1","1","1","1","P53","EC00037;EC00039;EC000567;EC000872;EC000873;EC0001080;EC000666;EC000667;EC0002;EC000828;EC000179;EC000180;EC000181;EC000811;EC000812;EC0004;EC000257;EC000259;EC0001081;EC0001082;EC0001084"
"Phenylalanine metabolism","8","8","8","17.106","0.75016","0.86791","0.20465","100","1","1","1","1","P54","EC000480;EC000481;EC000482;EC00078;EC00079;EC00080;EC000955;EC000956;EC000957;EC000189;EC000190;EC000877;EC000878;EC000504;EC00081;EC00082"
"Steroid biosynthesis","40","33","27","19.338","0.76531","0.87262","0.21543","0","0","1","1","1","P55","EC000654;EC000936;EC000709;EC000710;EC000712;EC000713;EC000207;EC000931;EC000933;EC000935;EC0001207;EC0001208;EC000725;EC000726;EC000842;EC0001409;EC0001343;EC0001345"
"Inositol phosphate metabolism","21","19","19","18.594","0.80307","0.89857","0.2461","100","1","1","1","1","P56","EC000676;EC000677;EC000678;EC000688;EC000689;EC000341;EC00085;EC00086;EC00087;EC00088;EC00024;EC000691;EC000693;EC00018;EC000121;EC000122;EC000212"
"Phosphonate and phosphinate metabolism","4","2","2","4.4625","0.80453","0.95313","0.24741","100","1","1","1","1","P57","EC0001148;EC0001149;EC0001150;EC0001060"
"Ascorbate and aldarate metabolism","8","8","8","11.156","0.81483","0.92371","0.25696","100","1","1","1","1","P58","EC00024;EC00022;EC000216;EC000218;EC000800;EC000192;EC000264;EC000265;EC000212;EC000552"
"Sulfur metabolism","8","5","4","5.95","0.86318","0.96451","0.31041","100","1","1","1","1","P59","EC00048;EC000231;EC000232;EC000301;EC0001341"
"Caffeine metabolism","10","10","10","9.6688","0.89716","0.9663","0.3601","100","1","1","1","1","P60","EC00024;EC0001273;EC0001167;EC0001168;EC0001169;EC0001275;EC0001277;EC0001278"
"Galactose metabolism","27","26","26","23.056","0.906","0.95442","0.37544","0","0","1","1","1","P61","EC000724;EC00085;EC00086;EC00087;EC00088;EC000438;EC000440;EC00090;EC00091;EC00092;EC00093;EC00094;EC00024;EC000971;EC000974;EC000968;EC00022;EC000341;EC000549;EC000551"
"One carbon pool by folate","26","22","14","34.956","0.90715","0.94824","0.37752","0","0","1","1","1","P62","EC000411;EC000412;EC000410;EC000183;EC000184;EC0001;EC00065;EC00067;EC00017;EC000203;EC000204;EC000322;EC000323;EC000324;EC000325;EC00028;EC00029;EC00060;EC00061;EC00062;EC00063;EC000774;EC000776;EC000354;EC000220;EC000221;EC000222;EC000223;EC000100;EC000101;EC000102"
"Drug metabolism - other enzymes","28","17","14","24.544","0.927","0.96515","0.41753","0","0","1","1","1","P63","EC0001320;EC0001319;EC0001325;EC0001326;EC0001203;EC0001205;EC0001206;EC0001402;EC0001405;EC0001327;EC000895;EC0001408;EC0001178;EC0001179;EC0001180;EC0001318;EC0001321;EC0001322;EC0001407;EC000257;EC000259"
"Biotin metabolism","4","3","3","6.6938","0.93795","0.98626","0.44365","0","0","1","1","1","P64","EC000134;EC0001090;EC0001093;EC00035;EC00036"
"Phenylalanine, tyrosine and tryptophan biosynthesis","4","4","4","10.413","0.94836","0.98492","0.47219","100","1","1","1","1","P65","EC000189;EC000190;EC00078;EC00079;EC00080;EC00081;EC00082;EC000660"
"Lipoic acid metabolism","17","9","6","12.644","0.9818","0.99505","0.6128","100","1","1","1","1","P66","EC0001262;EC0001264;EC00018;EC00064;EC00021;EC000302;EC000303;EC000304;EC0001422"
"Tryptophan metabolism","41","35","28","62.475","0.98822","0.99356","0.66089","100","1","1","1","1","P67","EC00075;EC00076;EC00077;EC000723;EC000538;EC000539;EC0001035;EC0001036;EC0001038;EC0001040;EC000507;EC000508;EC000509;EC000807;EC000808;EC000302;EC000303;EC000304;EC000885;EC000886;EC000887;EC000897;EC000898;EC000900;EC000310;EC000311;EC000312;EC0001053;EC000495;EC000496;EC000498;EC0001051;EC0001052;EC000595;EC000596;EC000375;EC0001044;EC0001045;EC0001046;EC0001047;EC0001056;EC0001057;EC0001059;EC000768;EC000111;EC0001043;EC0001048;EC0001050;EC000680;EC000681;EC000683;EC0001133;EC0001134"
"Ubiquinone and other terpenoid-quinone biosynthesis","7","5","3","9.6688","0.99176","0.99843","0.69603","100","1","1","1","1","P68","EC000185;EC000186;EC000187;EC000660;EC00081;EC00082"
"Tyrosine metabolism","42","42","36","70.657","0.99774","0.99884","0.79609","100","1","1","1","1","P69","EC000730;EC000544;EC000545;EC0001018;EC0001019;EC0001020;EC000296;EC000297;EC0001013;EC0001007;EC0001029;EC0001032;EC000874;EC000875;EC000876;EC000504;EC0001014;EC0001015;EC0001024;EC0001025;EC000343;EC000345;EC000346;EC000347;EC000630;EC00081;EC00082;EC000619;EC000620;EC000660;EC000877;EC000878;EC000431;EC000432;EC0001009;EC0001010;EC000185;EC000186;EC000187;EC0001021;EC0001023;EC000476;EC000478;EC000786;EC000787;EC00018;EC000139;EC000140;EC000113;EC000114;EC000115;EC000116;EC000118;EC000554;EC000555;EC000737;EC000491;EC0001351"
